간편식사,도시락,1,백종원고기쌈도시락,4800
간편식사,도시락,2,매콤맛있는닭가슴살,4300
간편식사,도시락,3,뉴백종원햄쌈도시락,4300
간편식사,도시락,4,콘치즈소시지그라탕,3000
간편식사,도시락,5,오리&불고기정식,4800
간편식사,샌드위치/햄버거,6,통통새우샌드위치,2500
간편식사,샌드위치/햄버거,7,빅바베큐치즈버거,1500
간편식사,샌드위치/햄버거,8,빅불고기치즈버거,1500
간편식사,샌드위치/햄버거,9,과즙뿜뿜포도샌드위치,2500
간편식사,샌드위치/햄버거,10,뉴불고기플러스버거,1300
간편식사,주먹밥/김밥,11,튀김햄맛살,1000
간편식사,주먹밥/김밥,12,타코와사비유부초밥,3500
간편식사,주먹밥/김밥,13,햄참치김볶Ball주먹밥,1400
간편식사,주먹밥/김밥,14,백종원통고기산적,1000
간편식사,주먹밥/김밥,15,떡갈비밥바,1800
즉석조리,튀김류,16,커리가라아게꼬치,1500
즉석조리,튀김류,17,핫스파이스윙봉4조각,3000
즉석조리,튀김류,18,치킨링너겟컵,1500
즉석조리,튀김류,19,밀크튀김컵,2000
즉석조리,튀김류,20,곰돌이치킨바,1000
즉석조리,베이커리,21,할라피뇨크림치즈빵,1200
즉석조리,베이커리,22,단팥크로와상,1200
즉석조리,베이커리,23,딸기링도넛,1000
즉석조리,베이커리,24,블랙필드도넛,1000
즉석조리,베이커리,25,백앙금베터보스톤,1000
즉석조리,즉석커피,26,GET아이스바닐라라떼시럽,500
즉석조리,즉석커피,27,GET즉석HOT아메리카노M,1000
즉석조리,즉석커피,28,GET즉석ICED아메리카노(XL),1800
즉석조리,즉석커피,29,GET커피다크블렌드,25000
즉석조리,즉석커피,30,GET즉석ICED카페라떼,1800
과자류,스낵/비스켓,31,도리토스갈비천왕,1500
과자류,스낵/비스켓,32,생크림파이카라멜,5000
과자류,스낵/비스켓,33,마가렛트고로케맛,4400
과자류,스낵/비스켓,34,오징어다리달달구이,1500
과자류,스낵/비스켓,35,브라질바베큐110,3300
과자류,빵/디저트,36,쫀득슈크림빵,1200
과자류,빵/디저트,37,아시나요케익,1500
과자류,빵/디저트,38,어니언구운고로케,1300
과자류,빵/디저트,39,피자빵빵,1500
과자류,빵/디저트,40,영양가득에그볼,1300
과자류,껌/초콜릿/캔디,41,베스킨라빈스제리뽀,700
과자류,껌/초콜릿/캔디,42,쥬시쿨젤리청포도,1200
과자류,껌/초콜릿/캔디,43,키커바트원녹차맛,1200
과자류,껌/초콜릿/캔디,44,마켄구미콜라향,800
과자류,껌/초콜릿/캔디,45,곤약에빠지다죠스바,2000
아이스크림,아이스크림,46,1000콘딸기,1000
아이스크림,아이스크림,47,부라보바초코청크,1000
아이스크림,아이스크림,48,메로나,1000
아이스크림,아이스크림,49,딸기요거트파인트,11300
아이스크림,아이스크림,50,프라페오렌지망고,2000
식품,가공식사,51,양반홍게살죽,3500
식품,가공식사,52,밀타임밤라떼,2200
식품,가공식사,53,비비고매운왕교자,4800
식품,가공식사,54,평양물냉면2인,5400
식품,가공식사,55,대게그라탕,3900
식품,안주류,56,통꽃게튀김,3000
식품,안주류,57,순창고추장육포,3500
식품,안주류,58,우마이카,2700
식품,안주류,59,맥스봉리치치즈,1700
식품,안주류,60,스모크닭다리2입,3300
식품,식재료,61,명란한낙지젓갈,3000
식품,식재료,62,동물복지훈제란2입,2000
식품,식재료,63,자연산골뱅이,5000
식품,식재료,64,골드키위2입,2500
식품,식재료,65,연어강정,3500
음료,음료,66,레몬스파클링캔,1200
음료,음료,67,포도스파클링캔,1200
음료,음료,68,맥콜P1.5L,2500
음료,음료,69,베지밀B팩950ml,2800
음료,음료,70,토레타P1.5L,3500
음료,아이스드링크,71,냉쌍화아이스230ml,1200
음료,아이스드링크,72,수박에이드코코넛,1000
음료,아이스드링크,73,햇살수정과,1000
음료,아이스드링크,74,유기농식혜,1000
음료,아이스드링크,75,카페라떼스위트,1200
음료,유제품,76,초코에몽카페모카,1500
음료,유제품,77,초코에몽생초코,1500
음료,유제품,78,액티비아얼티밋푸룬,1500
음료,유제품,79,요거트딸바150ml,1900
음료,유제품,80,메로나보틀우유,1800
생활용품,취미/레저,81,충전아답타,12000
생활용품,취미/레저,82,포켓몬카드(울트라썬),500
생활용품,취미/레저,83,포켓몬카드(울트라문),500
생활용품,취미/레저,84,배변봉투,3400
생활용품,취미/레저,85,애견토이소세지,5400
생활용품,의약외품,86,멕소롱골드액75ml,1000
생활용품,의약외품,87,하루홍삼빼빼로기획,13000
생활용품,의약외품,88,부채표미인활75ml,1000
생활용품,의약외품,89,박카스Dcafe,800
생활용품,의약외품,90,어린이타이레놀80mg,1850
생활용품,신변잡화,91,매직4단계3입,3100
생활용품,신변잡화,92,매직5단계3입,3500
생활용품,신변잡화,93,오가닉수퍼롱오버8입,7800
생활용품,신변잡화,94,내몸에순한면중4입,2000
생활용품,신변잡화,95,휴대용티슈60매,800
생활용품,생활잡화,96,일회용접시소10P,1600
생활용품,생활잡화,97,가정용듀얼충전기,35000
생활용품,생활잡화,98,숲속롤티슈8롤,6100
생활용품,생활잡화,99,3겹롤티슈24입,33900
생활용품,생활잡화,100,알코올청소스틱,3400
